Model,MAE,R2
Linear Regression,2.161359735069653,0.8661026604018104
Random Forest,1.730239999999999,0.9087950497648121
